0,1,labels
0,0.7018301768811497,0.582801944371603,0.0
1,0.7224883233400615,0.5901330103495112,0.0
2,0.6993836726838764,0.5382103601642414,0.0
3,0.8791642894991433,0.5765121587852516,0.0
4,0.7862427189675087,0.5428580433800159,0.0
5,0.7561672988844528,0.5707090949668565,0.0
6,0.7535850895037368,0.6147752624577154,0.0
7,0.7520082911478817,0.5254762045782897,0.0
8,0.8673974196744324,0.5477471106319858,0.0
9,0.7188357776356572,0.4779744925573133,0.0
10,0.7359956799899602,0.5134027589010423,0.0
11,0.8420816053359564,0.5701272272361023,0.0
12,0.7180685955590453,0.5219223216564292,0.0
13,0.8165921448778919,0.49186220688910354,0.0
14,0.7724842825026921,0.5960048739568431,0.0
15,0.7034319333183698,0.5086820072672686,0.0
16,0.7410199491667221,0.5798313546614113,0.0
17,0.8014187782737205,0.49402090003588106,0.0
18,0.8093892835799541,0.5200084408138554,0.0
19,0.7443906922780001,0.5079209167274826,0.0
20,0.7239131610487611,0.45718217844700504,0.0
21,0.8156831311429951,0.4908804529120941,0.0
22,0.6984958447659082,0.48727650988242976,0.0
23,0.8497778763900881,0.6016319502769827,0.0
24,0.8246896953760267,0.4756357222297052,0.0
25,0.8800278029903223,0.564045232512432,0.0
26,0.8745144642070811,0.5246680752285762,0.0
27,0.8715243832720334,0.5214486621079237,0.0
28,0.8765700578779231,0.5699177722087997,0.0
29,0.8120774483983279,0.5017877419554327,0.0
30,0.8314727648613313,0.6005956903446715,0.0
31,0.7730417628838341,0.5736916308171961,0.0
32,0.8333669275326683,0.5939797946479277,0.0
33,0.795627710225994,0.5737908218845826,0.0
34,0.7850054009024278,0.5096070001052643,0.0
35,0.7268514029938729,0.580259987994142,0.0
36,0.775905521761692,0.6221594546498967,0.0
37,0.7254331818870519,0.5524377513620433,0.0
38,0.7911374816016742,0.5862878740570832,0.0
39,0.8500701340752437,0.5185105867707627,0.0
40,0.8634936476986335,0.455521076664872,0.0
41,0.8167612544120842,0.5184510765813439,0.0
42,0.7987207349708919,0.5583342625834329,0.0
43,0.7010102733744805,0.48259283041686357,0.0
44,0.7904920183360954,0.5669854042855684,0.0
45,0.8026979246893212,0.5025210580877868,0.0
46,0.7471905584249038,0.4507060137776089,0.0
47,0.7647180685855931,0.5759239673552274,0.0
48,0.8357876357058275,0.4868800362613404,0.0
49,0.7396921804667836,0.5743930671966846,0.0
50,0.6956155425974268,0.50465078650839,0.0
51,0.7064657931850815,0.5512603630480429,0.0
52,0.8186204133758901,0.6098598959334216,0.0
53,0.7328422370751931,0.5944150593690501,0.0
54,0.7381506615928325,0.534106195774662,0.0
55,0.7208237184525543,0.576970654260286,0.0
56,0.8316161967918744,0.587135975157624,0.0
57,0.7538419833899681,0.4602490781886983,0.0
58,0.7294485061065176,0.48767782905216256,0.0
59,0.7270870861106851,0.45298405616051973,0.0
60,0.7856326065364675,0.5821638502557209,0.0
61,0.8546272674926148,0.5678768680322576,0.0
62,0.8684805049167559,0.5927218481775203,0.0
63,0.7189408864759014,0.551554865509822,0.0
64,0.7513239293892292,0.47071650024132605,0.0
65,0.767781316281432,0.5329180029293685,0.0
66,0.8253704840915544,0.45339322683099204,0.0
67,0.7747882140327753,0.5829160581936059,0.0
68,0.72007044365452,0.5958432238116502,0.0
69,0.7664765020244295,0.5033500980364394,0.0
70,0.7932726338570516,0.6096225792897935,0.0
71,0.7596143174167393,0.5509500363594468,0.0
72,0.7540704702270614,0.4836177298878791,0.0
73,0.8061506634478953,0.43173221221505387,0.0
74,0.837316946804477,0.4966331967549922,0.0
75,0.8345088619254764,0.6115803178861026,0.0
76,0.7267677565285999,0.5866625870166029,0.0
77,0.8368703426888202,0.43778438156295485,0.0
78,0.8156108083068164,0.5537644916231863,0.0
79,0.7276532300441775,0.5028979428788648,0.0
80,0.7430136580250997,0.5455649538105978,0.0
81,0.8081676369115103,0.595592090783596,0.0
82,0.8122271043464873,0.4721909699756317,0.0
83,0.8847940012296442,0.5059496804341077,0.0
84,0.8551627366997201,0.5934427456937514,0.0
85,0.7765805750890472,0.43699989013519064,0.0
86,0.7321453908207572,0.6125134129378746,0.0
87,0.7367589942604266,0.5785628519017239,0.0
88,0.691332238707097,0.5291620208658793,0.0
89,0.7642372597605653,0.4492256216970351,0.0
90,0.857666747647199,0.5368573378648189,0.0
91,0.7055539072647687,0.5113845330416955,0.0
92,0.7789122419333406,0.47307603355768907,0.0
93,0.8517908486294316,0.5991551728110615,0.0
94,0.7526202494002847,0.47448518734666584,0.0
95,0.831018514161615,0.5008622167256398,0.0
96,0.8217607832961495,0.5946627700345394,0.0
97,0.8085041118431406,0.5722531863165534,0.0
98,0.7884736787341969,0.42531100245557385,0.0
99,0.7731423618203443,0.511576935443892,0.0
100,0.8318618524789019,0.5056846374222735,0.0
101,0.8521689843197009,0.4456446745624724,0.0
102,0.8617296529367506,0.46026673311608146,0.0
103,0.6630130712134228,0.9048088981493602,1.0
104,0.5347410825806653,0.8216912329190034,1.0
105,0.5012368696579025,0.9204092633920219,1.0
106,0.5108574459395874,0.8599303458232905,1.0
107,0.49601519502411173,0.9162924355106286,1.0
108,0.5068310031775224,0.9791561016388672,1.0
109,0.5743595848290082,0.9753181920530922,1.0
110,0.45983770373469096,0.8707901167479813,1.0
111,0.5822962510980345,0.8740920141965338,1.0
112,0.5413170192584048,0.9392525923455338,1.0
113,0.5114779158572472,0.8485358342893441,1.0
114,0.5750672867060103,0.8819380868998572,1.0
115,0.5195150638853562,0.9561375110449684,1.0
116,0.5371481708532806,1.0165497790238787,1.0
117,0.5547285557025011,1.0402972937168387,1.0
118,0.5347931406208217,0.8965017101100047,1.0
119,0.45779475414620374,0.9683292132519511,1.0
120,0.6008488061544173,0.9673790037249712,1.0
121,0.677057813457778,0.937566063330345,1.0
122,0.5363496972395385,1.0051158522768289,1.0
123,0.6262381535983251,0.9340540652991076,1.0
124,0.6303415101712585,0.9450775890650956,1.0
125,0.5819212159571491,0.9668637526756261,1.0
126,0.5519476498033965,0.9284061699430142,1.0
127,0.6514155258896495,0.8617463970145858,1.0
128,0.5726453373969118,0.9525554552056265,1.0
129,0.6180521375488236,0.9415637958566218,1.0
130,0.5334461496227969,0.9392706310688876,1.0
131,0.5238308225874827,0.9121629719687241,1.0
132,0.5188044051904577,0.9559484365600425,1.0
133,0.6060087654209518,0.8242154648263671,1.0
134,0.629099396780669,0.8400783516954147,1.0
135,0.5267050616223374,0.9778509533264397,1.0
136,0.6197610835839074,0.8913205386965228,1.0
137,0.5742575347964519,0.8987516966422635,1.0
138,0.5232598918470838,0.913031059675617,1.0
139,0.5040432507529772,0.9590887158049468,1.0
140,0.563186324076346,0.8101501121390665,1.0
141,0.49043803164479954,0.8985723563026843,1.0
142,0.6016839487354976,0.9029640972315693,1.0
143,0.6664383765623559,0.9578033617511964,1.0
144,0.5395358767534405,1.020596159119953,1.0
145,0.6270526389330737,0.8694951627473404,1.0
146,0.5761031979652651,0.8178415325718175,1.0
147,0.49331513805296157,0.8877851316822843,1.0
148,0.5973857721590253,0.9808177051370048,1.0
149,0.5033177661314631,0.9964652333531975,1.0
150,0.594150633997933,0.893933803121289,1.0
151,0.5480154850376797,0.8248626524536908,1.0
152,0.6576820567703082,0.8635544424606165,1.0
153,0.5403255867810851,1.0276358934719403,1.0
154,0.5301199300935301,0.8871077919148652,1.0
155,0.6201097844405431,0.8830184771473357,1.0
156,0.5263845590348102,0.9642107262334438,1.0
157,0.6068120518964468,1.033045645149909,1.0
158,0.5865016242069502,1.0170586843575806,1.0
159,0.556937909457955,0.9237522771040148,1.0
160,0.5641499741768965,1.041210175668813,1.0
161,0.5625273264207269,1.0256742071911944,1.0
162,0.61395779605672,0.9454887537163646,1.0
163,0.5522706810047865,0.9462662652083725,1.0
164,0.6544296978506279,0.943971592094817,1.0
165,0.6823912540613498,0.9218837497218038,1.0
166,0.6648717017443814,0.963007415153904,1.0
167,0.5036625963719321,0.9078118519950951,1.0
168,0.4919235624276953,0.8955079093285403,1.0
169,0.5119600727610916,0.9641542446539951,1.0
170,0.612459989254178,0.850170384597499,1.0
171,0.5450657678541688,0.9596383796027016,1.0
172,0.622346750830789,0.8947902200668042,1.0
173,0.5585173442575253,0.9777994657836039,1.0
174,0.6466733532626137,0.9856785245527634,1.0
175,0.5140164909777851,0.8522413970257168,1.0
176,0.5105494002707411,0.881126491236557,1.0
177,0.5678281105485754,0.8586622632830169,1.0
178,0.5975899632466712,0.8469013464127348,1.0
179,0.4858609821589439,0.921168962132357,1.0
180,0.6361641461298169,0.8739022099512055,1.0
181,0.4674963756538779,0.9385895736629671,1.0
182,0.5474934341365856,0.8915278135081194,1.0
183,0.622368139292062,1.0199129622971408,1.0
184,0.5313699029508775,0.8737021082591419,1.0
185,0.4993648333611426,0.8798371673261944,1.0
186,0.590543206181983,0.8813863051735258,1.0
187,0.6630494451824673,0.9264714758073673,1.0
188,0.5771521833650539,0.9564655050904646,1.0
189,0.5090534770541139,0.8340832444975077,1.0
190,0.5330842217243382,0.8679009998933674,1.0
191,0.594256627846025,0.8171102996819889,1.0
192,0.5828345897949634,0.8050758727309733,1.0
193,0.5310268894225748,0.96381499746758,1.0
194,0.4956250403307531,0.9306870287343205,1.0
195,0.5567266881285992,0.8172275175612898,1.0
196,0.5123721177219658,0.9995887829468664,1.0
197,0.6062666653036721,1.0288036857705463,1.0
198,0.5783118684906396,0.849133919325396,1.0
199,0.6781361373438755,0.8979440128763212,1.0
200,0.49812105386289285,1.0245269337614147,1.0
201,0.5664219906245758,0.9263930034831944,1.0
202,0.5131539931803317,1.0288275415466535,1.0
203,0.6026314951698775,0.9261155419131121,1.0
204,0.49831743318865956,0.8891483329293167,1.0
205,0.6688977697439362,0.9880437404872331,1.0
206,0.5255295280757887,0.8610876563487876,1.0
207,0.5382041399891144,0.9322651254919968,1.0
208,0.5959896311426497,0.8768398963876848,1.0
209,0.5652914957195307,0.8584358938891148,1.0
210,0.5574645457784385,1.0064533227440744,1.0
211,0.5267915587853991,1.021495455970262,1.0
212,0.46159478438168466,0.9663383202941171,1.0
213,0.5426334300516484,0.8304844531861877,1.0
214,0.08332933370184294,0.1527688338777194,2.0
215,0.15136816209865944,0.06961189129394255,2.0
216,-0.00781259688536716,0.1367828737605558,2.0
217,0.04005889809331496,0.16301950842331903,2.0
218,-0.019308544496985033,0.12106334811514291,2.0
219,0.0609234595597359,0.03341200687254907,2.0
220,0.07027537689583284,-0.007289964684694644,2.0
221,-0.009513163134830568,0.06624984940325489,2.0
222,0.15714818408316222,0.08903808535705546,2.0
223,0.0761094634941755,0.18874891121437987,2.0
224,0.11210692645320675,0.0941640228470264,2.0
225,0.036983742815251026,0.13495454495689457,2.0
226,0.148835971513,0.13224317387703402,2.0
227,0.11176647836704154,0.09067183268487493,2.0
228,-0.03267388413561158,0.05428444761275182,2.0
229,-0.006988683002749893,0.15295979106894542,2.0
230,0.08923370563899892,0.16671619174707453,2.0
231,0.028219051145446213,-0.007322450600668259,2.0
232,-0.005780204781732717,0.14803413027611562,2.0
233,0.019298994074769794,0.09651122211766427,2.0
234,0.0361218620617544,0.15205512479813796,2.0
235,0.06426203174398992,-0.01540431380886742,2.0
236,0.11754191901186231,0.03182439874519264,2.0
237,0.15860004812181794,0.03227915962260233,2.0
238,0.08767687689746755,0.11716298487913568,2.0
239,0.03502588158737934,0.1805225412080637,2.0
240,0.005393952402014637,0.02365205970894467,2.0
241,0.02541416936786648,0.1586398519876003,2.0
242,0.09197208948470885,0.17836108163821257,2.0
243,0.028133865215976293,0.0763084066876121,2.0
244,0.10410406047786655,0.12294145062151007,2.0
245,0.03496287594228653,0.1827969158934003,2.0
246,0.10953623385573907,0.1737362737508933,2.0
247,0.04727207040323583,0.1503882697775131,2.0
248,0.1439890585588079,0.14344648269770072,2.0
249,0.06290262017838676,0.042631927344716165,2.0
250,-0.014539010132500724,0.020648546148969077,2.0
251,0.11408484661343668,0.14940092470993516,2.0
252,0.06789891856369086,0.1951300666502405,2.0
253,0.03210151533569724,0.12788573495138442,2.0
254,0.03750939118587377,0.08157634185368057,2.0
255,0.00577239158203402,0.15734946018181573,2.0
256,0.0908009648448713,0.18561750912899844,2.0
257,0.030753488949861706,0.031327741474481786,2.0
258,0.15305011176062744,0.10830038522635643,2.0
259,0.1302798953078771,0.03618127499758777,2.0
260,0.11742834472796099,0.052370636813087255,2.0
261,0.0497301548104087,0.10024864609066268,2.0
262,0.17127269179560864,0.06268986136723309,2.0
263,0.15600373846540128,0.03482184004597533,2.0
264,0.026632700054015218,0.06225002132125044,2.0
265,0.1019464476346007,0.046578864664143654,2.0
266,0.1508591998640907,0.08376930247610664,2.0
267,0.14370397443763505,0.058948344418552144,2.0
268,0.10376702874247931,0.08195720549286226,2.0
269,-0.02298683577352946,0.12448974848190023,2.0
270,-0.01313822501609603,0.13314215655631279,2.0
271,0.06008722637573514,0.06624054836627791,2.0
272,0.0006009391950841936,0.0396312346440686,2.0
273,0.1574373934836516,0.0346865291952293,2.0
274,0.015901260041804373,0.0758915343134969,2.0
275,0.05221211154232743,0.1701370972605022,2.0
276,0.007947979388215703,0.0566188152908798,2.0
277,0.03579719489112418,0.15474077503058759,2.0
278,0.1139957612498679,0.013741295724069902,2.0
279,0.032260293038440226,0.07444193829107931,2.0
280,0.043516667481044484,0.11399343996104608,2.0
281,0.007811304063999741,0.03744332702136553,2.0
282,0.07777692101137434,0.09945727699728169,2.0
283,-0.014402845539257234,0.09628492448194688,2.0
284,0.056149386393466755,0.14765688064121263,2.0
285,0.1754861956306385,0.10435723988354964,2.0
286,0.06014148447507432,0.03930166397569714,2.0
287,-0.022757378327643685,0.08792429781756694,2.0
288,0.02236708888274047,0.057038652398519546,2.0
289,0.06859369954628027,0.14851590208336585,2.0
290,0.069491937881892,0.09804081190089563,2.0
291,0.12378992796063604,0.16955920212198689,2.0
292,-0.016844432913015045,0.13620645721415928,2.0
293,0.0367857398314957,0.09685894227033373,2.0
294,0.05056136857355292,0.1762943603772038,2.0
295,0.05679930640320943,0.05928351477841723,2.0
296,0.09818620480326595,0.028249468486903302,2.0
297,0.09334815885491134,0.11498170431641347,2.0
298,0.12179712649011662,0.16975408777262532,2.0
299,0.05192432125271329,0.1056582672326952,2.0
300,0.1159960182535686,-0.00969189585739863,2.0
301,0.02692379694871161,0.09611823475471358,2.0
302,0.05951843187228896,0.149603551302083,2.0
303,-0.029396047456579644,0.063793765885133,2.0
304,0.169674848325445,0.06136991870329894,2.0
305,0.12517149370435926,0.05053027648349929,2.0
306,-0.0013395394134255029,0.11362065821142389,2.0
307,0.0681732188261473,0.11756076914603578,2.0
308,0.0369321778329124,0.013327214177062105,2.0
309,0.1117482227837163,0.009079757244090839,2.0
310,0.16207642293288915,0.1253883222654032,2.0
311,0.02843407573067487,0.057446183972802586,2.0
312,0.025509393869022054,0.07062775004827085,2.0
313,0.1353161790399223,0.00024867117055582533,2.0
314,-0.002387465620803164,0.14854754356591254,2.0
315,0.07382918967432639,0.10405355714646543,2.0
316,-0.0016692576673093401,0.1002572676245437,2.0
317,0.041972190900445516,0.158405536265172,2.0
318,-0.03088031017139671,0.08338318154339729,2.0
319,0.03226532768938821,0.1734633057306164,2.0
320,0.010285591757121765,0.09072488456259055,2.0
321,0.11058050604522193,-0.013761725806720929,2.0
322,0.01019087338633614,0.13511696244645097,2.0
323,0.040017243466884386,0.02114891710522225,2.0
324,0.03059636159699551,0.08228687029408424,2.0
325,0.11191771160907844,-0.010878848106739128,2.0
326,0.009538408018847123,0.014971263255813272,2.0
327,0.11770197964161344,0.008886042602038402,2.0
328,0.1620200110684883,0.03496366772753723,2.0
329,0.11099208023847196,0.18138133792053857,2.0
330,0.11042066740981704,0.07551291325642852,2.0
331,0.056629569201336924,0.009804944904996102,2.0
332,0.017305826245422498,0.7673990521466854,3.0
333,0.041984733004607366,0.9143179938150813,3.0
334,-0.05761266323235276,0.7959466546021219,3.0
335,-0.037254343413752555,0.8853976180566763,3.0
336,0.02037941773815654,0.8633201695531567,3.0
337,0.01204714367719315,0.8198986477611697,3.0
338,-0.007152955360372033,0.7781976345324124,3.0
339,0.030603791767100992,0.7777510205341918,3.0
340,-0.014337875011222398,0.8882506668491906,3.0
341,0.07588604323277168,0.7765984248166511,3.0
342,0.020279772011736193,0.8149125174390701,3.0
343,-0.0054897826955657356,0.7426290218985011,3.0
344,-0.031016758156339246,0.7541486222749244,3.0
345,-0.026564885806686152,0.803884628412115,3.0
346,0.030767821510811526,0.7667602045816505,3.0
347,0.010641636539663163,0.9310542801465365,3.0
348,0.03767034880959714,0.9288738179891955,3.0
349,0.07908100277832843,0.8095087477901712,3.0
350,0.08167012874890958,0.8256651545986172,3.0
351,0.04206271109287643,0.8608257770195619,3.0
352,-0.04222653666177513,0.7868381152936301,3.0
353,-0.04279246985697127,0.8330463888146281,3.0
354,0.0829818802684118,0.7782621262249246,3.0
355,-0.05723045825173444,0.8379695896092824,3.0
356,-0.03083480379741612,0.8285844777432819,3.0
357,0.05635942943813743,0.8704432213722013,3.0
358,0.02139308072664599,0.8393570021183268,3.0
359,0.02354660100175362,0.7399472292567988,3.0
360,-0.043725467055878806,0.8525137920881916,3.0
361,-0.06110468726567608,0.7698814943496446,3.0
362,0.020580907076594056,0.8308898521201659,3.0
363,0.03872076616250754,0.9225778176258499,3.0
364,-0.018405450931093782,0.8512292081983851,3.0
365,0.10118329357219488,0.8635217161513496,3.0
366,0.06260058090927387,0.8291531228050726,3.0
367,0.049727357599433156,0.780071819532442,3.0
368,0.024759127025123943,0.7438031856498225,3.0
369,-0.058512471776977326,0.8505753762626261,3.0
370,0.06593377653597852,0.781041800386243,3.0
371,0.0313994645639641,0.8831396845982364,3.0
372,0.10378900826326912,0.8621603743618117,3.0
373,-0.028453555711213753,0.8951173421537756,3.0
374,-0.03667234769295413,0.8216408668917781,3.0
375,-0.049198675805156175,0.888135629900578,3.0
376,-0.05485416626069621,0.8225955466842017,3.0
377,0.04629619170099501,0.8013895457176565,3.0
378,0.03517329209282781,0.9009174261490983,3.0
379,-0.024308489945703914,0.904869944925011,3.0
380,-0.044745311347158145,0.868105340488249,3.0
381,0.08631362587365536,0.890192440128647,3.0
382,0.07428068319454306,0.919808363550315,3.0
383,0.1102771402858461,0.8249707052853053,3.0
384,0.0952092762611535,0.8782617552926993,3.0
385,0.0752309331123477,0.7681103727220921,3.0
386,0.053438631288402275,0.8608967939185024,3.0
387,0.0024504644459386847,0.8907018385129977,3.0
388,-0.04550625744514142,0.8324017051577546,3.0
389,-0.014975983196713831,0.9054116350806221,3.0
390,-0.010028440764483303,0.8024777743474555,3.0
391,-0.009165270607020184,0.9210927740625353,3.0
392,-0.05805124448807279,0.8445232157407689,3.0
393,0.05295892232960052,0.8756757168741948,3.0
394,-0.02495624633596942,0.8334572052080388,3.0
395,-0.02512907982074318,0.7706734918308981,3.0
396,0.00015177577143767398,0.7952349774227959,3.0
397,-0.008069218153303997,0.9138431395020655,3.0
398,0.0660086273002633,0.9022208736565682,3.0
399,-0.06545595873408847,0.8403587801902836,3.0
400,-0.003349286825184483,0.8430902818005144,3.0
401,0.08020674401629811,0.8103178254634136,3.0
402,-0.030627154937877293,0.7893177532826109,3.0
403,-0.06585755626570709,0.8294439939574902,3.0
404,0.1183653456892124,0.8078704664400477,3.0
405,-0.052783787399002566,0.9011452918071101,3.0
406,0.04517740465762971,0.7670210028092322,3.0
407,0.05935289716273304,0.8287056185482845,3.0
408,0.11166785740098847,0.7844893574981545,3.0
409,-0.00282555798514008,0.8121710087718204,3.0
410,0.07490754187372828,0.832008325474917,3.0
411,0.027192201343434308,0.7834970524983829,3.0
412,0.02075829658043516,0.7633469728797871,3.0
413,-0.051941727530589385,0.7861887501723065,3.0
414,-0.052432666152775614,0.8338082094634818,3.0
415,0.032390496265952064,0.8834752880118146,3.0
416,-0.014208125784421502,0.8168071911844308,3.0
417,0.013967310722948156,0.9285858912837077,3.0
418,-0.06650653880411482,0.7882299570520138,3.0
419,0.1064588678066362,0.824748907069282,3.0
420,-0.05516067179880367,0.8749481444029036,3.0
421,-0.027732008145371446,0.8658051527288806,3.0
422,-0.0051612111403165385,0.7348093596157576,3.0
423,0.0036368561595812414,0.8382493288864883,3.0
424,0.07451162206579562,0.7615878496699287,3.0
425,0.07781812076999106,0.8004772359628328,3.0
426,-0.026264060056652536,0.8562435736936681,3.0
427,0.09371335889755056,0.8151846443357444,3.0
428,0.06247897757160795,0.8615195583045324,3.0
429,0.025348827914358208,0.8148601079539998,3.0
430,-0.019243697463002224,0.7485500433609754,3.0
431,0.01956866238685515,0.8454169513324479,3.0
432,0.05825215818984682,0.826955119449349,3.0
433,0.11319222974886836,0.8602593508403993,3.0
434,0.8116771930286452,0.9380972971806948,4.0
435,0.7493116348025811,0.9567496059776334,4.0
436,0.7631751957982452,0.7848384226382288,4.0
437,0.7946968505270922,0.9395380341022467,4.0
438,0.8019785002296768,0.9498854745382195,4.0
439,0.7140610701628407,0.8254217285577232,4.0
440,0.8276780885522661,0.9393926720801512,4.0
441,0.8078863606717875,0.7842733119298873,4.0
442,0.7740598566110846,0.893957579219933,4.0
443,0.8455326736102244,0.928296737584383,4.0
444,0.7220233816506715,0.8726320736255954,4.0
445,0.7842624618606633,0.82538598323388,4.0
446,0.7544735987372909,0.8175534921934194,4.0
447,0.7227996938801471,0.8369560237876247,4.0
448,0.7722391045514948,0.9573514073335165,4.0
449,0.8213473412398016,0.8532612981357298,4.0
450,0.7913727202149256,0.8751651374999746,4.0
451,0.8407274083003178,0.8393032192894717,4.0
452,0.7422234792512931,0.8173338782551147,4.0
453,0.7811429610084462,0.8104134662444876,4.0
454,0.7947114041718759,0.8576023629904981,4.0
455,0.7443643037861747,0.8200444163667895,4.0
456,0.7862296509306976,0.8720075683962555,4.0
457,0.812519854414446,0.921753810877358,4.0
458,0.80211142083059,0.9436543673787954,4.0
459,0.6984159581805068,0.8639583387167968,4.0
460,0.7158653273128646,0.8982579760981171,4.0
461,0.8179001499749028,0.8223665356767389,4.0
462,0.8199503177995899,0.8079389429134055,4.0
463,0.7216812618073111,0.8341755498632442,4.0
464,0.7461026396285908,0.8869436528052269,4.0
465,0.8487376666642239,0.9042753311217581,4.0
466,0.7568617802755855,0.8362507180983969,4.0
467,0.7305011115907325,0.8457664822630916,4.0
468,0.7715031167295543,0.8439559449942964,4.0
469,0.8101001201891854,0.8162844151954087,4.0
470,0.7864874775842339,0.9095419143078348,4.0
471,0.7619581375849492,0.9363799411754066,4.0
472,0.8051035928785698,0.8239323877700864,4.0
473,0.7917132149770683,0.80632378517988,4.0
474,0.8565776245375033,0.9072979601220227,4.0
475,0.7754576147828212,0.8514128964371025,4.0
476,0.8315547203859142,0.8954488850118483,4.0
477,0.7832920702392122,0.8732138551008657,4.0
478,0.801115076159543,0.8809226147063196,4.0
479,0.7841079105155705,0.7912917059182275,4.0
480,0.7839460345190311,0.7870737715558662,4.0
481,0.7934322653681117,0.8584694094842232,4.0
482,0.6928014404074756,0.890055204213795,4.0
483,0.8360726966897114,0.9142420936244419,4.0
484,0.7389455025112365,0.839156574013167,4.0
485,0.8148541223918261,0.7969501468448245,4.0
486,0.8229295019941862,0.8621704096814342,4.0
487,0.694848362101268,0.847072052461585,4.0
488,0.8210043170781675,0.8645993105347318,4.0
489,0.7835271247220442,0.7937285441066865,4.0
490,0.8091592876962785,0.8379058726076196,4.0
491,0.7897994555008846,0.8222983378527381,4.0
492,0.7886944394649357,0.8106661611143992,4.0
493,0.8272266769079886,0.9289038563655161,4.0
494,0.7316776125773995,0.8099063862644491,4.0
495,0.8296263058534992,0.7947963609337865,4.0
496,0.7146780993199859,0.8292747157794783,4.0
497,0.7385815084891112,0.858154819978287,4.0
498,0.7342039319687946,0.9040641737031414,4.0
499,0.7990024184825895,0.8349619927732621,4.0
500,0.7404357516740523,0.808917284429024,4.0
501,0.7363734003950589,0.896624712807543,4.0
502,0.7395647848993776,0.8185124817110938,4.0
503,0.7286962962884919,0.8382657882801856,4.0
504,0.7291755324744559,0.9165950480657019,4.0
505,0.7981420383048856,0.8139988360376023,4.0
506,0.7498248653886007,0.8051308218876465,4.0
507,0.7279277338743572,0.8146970881670443,4.0
508,0.8011560984292658,0.7918623818011974,4.0
509,0.7951995333484776,0.8376648380479573,4.0
510,0.7409239882327442,0.7865619377161543,4.0
511,0.8059968436637107,0.885854729719624,4.0
512,0.8392712371999482,0.8973938959530369,4.0
513,0.792780362233075,0.8799637167343548,4.0
514,0.8415572526999243,0.9026471825367564,4.0
515,0.7320137242993014,0.8104317924754272,4.0
516,0.6954461891955366,0.9014495474644939,4.0
517,0.7349859888662041,0.8001465716816394,4.0
518,0.8584554101003368,0.8992931101035269,4.0
519,0.8368551866290352,0.8350794838997615,4.0
520,0.8551760678967263,0.8981123500041404,4.0
521,0.753555717948697,0.8973180308930887,4.0
522,0.6903142823685767,0.8914133982975032,4.0
523,0.725425267810473,0.821472693508388,4.0
524,0.7179102827255042,0.8002826085352183,4.0
525,0.767067698344438,0.8570726687275956,4.0
526,0.7902247874848083,0.8446413316568888,4.0
527,0.7103068502866601,0.8631490528831849,4.0
528,0.7068161099362835,0.9056514001739553,4.0
529,0.8306431819340309,0.9049933634724481,4.0
530,0.760457093047904,0.789318432973238,4.0
531,0.7819047992921264,0.9068940831220963,4.0
532,0.8610982596179504,0.9027003356901722,4.0
533,0.7531692554684238,0.8390433517507055,4.0
534,1.0830119269205043,0.8042251019283874,5.0
535,0.9772921598744579,0.8008673170391869,5.0
536,1.0587047289415377,0.8380661812831739,5.0
537,1.074572231690465,0.8377462286230887,5.0
538,0.9631349858488254,0.7212972737862627,5.0
539,0.9640607558427104,0.8979324716235539,5.0
540,0.9325381472681741,0.7098297430064545,5.0
541,0.9489273801390166,0.8308794172034938,5.0
542,1.038882063575807,0.8821595307522248,5.0
543,0.9524355049680104,0.7048382391919713,5.0
544,1.0296229631868075,0.8278318441054867,5.0
545,0.9815411966392052,0.8931818356508907,5.0
546,0.9997658796907304,0.708230390296603,5.0
547,0.9852305580023706,0.7208307596258795,5.0
548,0.9523164843970561,0.7464812126345196,5.0
549,0.8674945468997102,0.7974334147956136,5.0
550,1.0297585535243041,0.8707102708835076,5.0
551,0.984055906718723,0.7223347414713184,5.0
552,0.9056588813124548,0.7871269737956602,5.0
553,0.9419947372269474,0.8447687041227527,5.0
554,0.9466812242146894,0.792269683407944,5.0
555,0.8784253284680132,0.8264072789723941,5.0
556,1.0341373285458135,0.7391215494116179,5.0
557,1.010216254878236,0.7447007866596606,5.0
558,1.0456695322754896,0.7719903038387028,5.0
559,0.8780148243648083,0.7977643080446569,5.0
560,0.9599900567026038,0.8117434945651422,5.0
561,0.9397970378674804,0.7204260605644663,5.0
562,0.8788050094405148,0.8286111546821376,5.0
563,0.9182367574753559,0.845453655299709,5.0
564,0.8697500599449467,0.7764052398061286,5.0
565,1.0302729503872885,0.7332460405451635,5.0
566,1.0408580323466452,0.7900430338593454,5.0
567,0.9937813265204777,0.7513110009669219,5.0
568,0.9088672222549231,0.8710286923622553,5.0
569,0.9676533928909674,0.8725541551705811,5.0
570,0.9262841318875058,0.8349511700925756,5.0
571,0.8984147542270424,0.8484921591043051,5.0
572,0.8655549158299257,0.7859200623515534,5.0
573,0.9159304607015495,0.7538494131419836,5.0
574,0.9625541585857805,0.7709685346585176,5.0
575,0.9961821652614168,0.6878528895406328,5.0
576,1.0872083570208022,0.8214145631781582,5.0
577,0.9835239043750441,0.6956985954858713,5.0
578,0.8896841825376648,0.7972735784126223,5.0
579,1.0722296642831242,0.7885991524787436,5.0
580,0.9470492248065201,0.776990808702402,5.0
581,0.9491145020464253,0.9083765956846714,5.0
582,0.9406692123272196,0.776410935150418,5.0
583,0.9613528749416517,0.8462285594154186,5.0
584,0.9964597547483945,0.7929199539005046,5.0
585,0.9604293932735914,0.7114693197063278,5.0
586,1.0183692168112393,0.863982791809956,5.0
587,1.0059104758196187,0.7337568831462405,5.0
588,1.043123566817152,0.8391257118584113,5.0
589,0.9857212314143843,0.8383647882003411,5.0
590,0.9643205932909554,0.7974735497262653,5.0
591,0.9754945068173789,0.8490981325482997,5.0
592,0.9665459448751695,0.7385315804912428,5.0
593,1.043260136469613,0.7677990627071616,5.0
594,0.9169756062086439,0.8562913119124449,5.0
595,1.075655957488064,0.8528039166435633,5.0
596,0.977771946747767,0.7089517356691678,5.0
597,0.9368741661287208,0.773391779533038,5.0
598,0.9723969237106013,0.751071085904383,5.0
599,0.8936294684623162,0.8456158029842503,5.0
600,0.9885823511130192,0.8723680271560438,5.0
601,0.9891543676912095,0.8162307654719099,5.0
602,0.925835513534339,0.8288469455139376,5.0
603,1.0531075688083091,0.7308765890425974,5.0
604,1.0826580877882728,0.7822440080828702,5.0
605,1.0815984819610749,0.7494981275663298,5.0
606,1.066160084398848,0.7444587351143209,5.0
607,1.0525885526441758,0.7392495928483989,5.0
608,0.9798527121733148,0.8221914709867573,5.0
609,0.9669870830495999,0.7742168680368713,5.0
610,0.9267500651883761,0.7919492992858675,5.0
611,1.008960794646303,0.776323135966223,5.0
612,0.9753690876875917,0.8217135946865377,5.0
613,0.9601548013974155,0.8615175677787621,5.0
614,1.00185593631372,0.7249654887530999,5.0
615,0.9268509913333378,0.7382622673950855,5.0
616,0.9521498792806504,0.8668958903549225,5.0
617,0.9389467661916837,0.7439136238552394,5.0
618,0.8807085684588692,0.8407986227736137,5.0
619,0.9210943840825143,0.7491352504532555,5.0
620,1.0147637673265408,0.9044471892535682,5.0
621,0.9924688070335724,0.889244726933298,5.0
622,0.9560566258263444,0.7462143422588243,5.0
623,1.0135711928314504,0.7994698308478689,5.0
624,0.935130993677003,0.7243698605107878,5.0
625,0.8903164134512499,0.7683981305531009,5.0
626,0.9820942387832514,0.7113188573313367,5.0
627,1.012853779983665,0.9084777915307646,5.0
628,0.8713829890345994,0.8123544725455123,5.0
629,1.0832824314863845,0.7907956577647394,5.0
630,0.9832743989956032,0.8821145514918339,5.0
631,0.9209661415401772,0.8599466255871835,5.0
632,1.0330156857004598,0.7193809685090939,5.0
633,1.0800512760097105,0.8082314970473884,5.0
634,0.4049023813911876,0.8029025732457572,6.0
635,0.42888340683151116,0.8320874785150632,6.0
636,0.3753301845990237,0.7846769338911753,6.0
637,0.5166781446237247,0.8342052870001226,6.0
638,0.5055140180963412,0.8102832101491129,6.0
639,0.45549252487126746,0.836227479322742,6.0
640,0.37681161759195003,0.7440939937237068,6.0
641,0.489689763058943,0.7921799556766341,6.0
642,0.5256433423864212,0.7349791500619897,6.0
643,0.39220781689131456,0.7865395896814096,6.0
644,0.5056079623979355,0.7898903828312314,6.0
645,0.4801431456272483,0.851541323444472,6.0
646,0.5457846262924654,0.7682937105395374,6.0
647,0.3950239235425591,0.7298574891378365,6.0
648,0.4054477345386782,0.7831343101648494,6.0
649,0.40023521149930735,0.8219974638169615,6.0
650,0.5441423691132501,0.7595233378803629,6.0
651,0.38501920933213835,0.7871573620840722,6.0
652,0.5418479091666512,0.7485563880731735,6.0
653,0.5396738944590436,0.8131104665499421,6.0
654,0.5275337266253601,0.8076319953133041,6.0
655,0.39955838244188785,0.7200710763865356,6.0
656,0.48337115673345643,0.8573234465669569,6.0
657,0.5150586954661381,0.8271627929636224,6.0
658,0.4318039086235438,0.8573161616958699,6.0
659,0.5358905268351185,0.836520977597607,6.0
660,0.4629285785009323,0.8269459240513813,6.0
661,0.5035532921164017,0.8563339572068753,6.0
662,0.504551745524522,0.838759243777506,6.0
663,0.49758537428919314,0.7087756121070449,6.0
664,0.4624429151407474,0.7223515049377824,6.0
665,0.38719389528428505,0.8187392910923069,6.0
666,0.5024363579830768,0.6975005647753637,6.0
667,0.4130958446197449,0.8527469510066106,6.0
668,0.5207878344601833,0.7665259747672952,6.0
669,0.4035393001650505,0.8074868591444981,6.0
670,0.5532619453967449,0.7891759205151545,6.0
671,0.4984589994408919,0.8233103667979909,6.0
672,0.44537523736781376,0.8073733461953999,6.0
673,0.5301681166708637,0.7745744297593391,6.0
674,0.42999020037023894,0.8342714407542862,6.0
675,0.39814358167580555,0.7837137085371588,6.0
676,0.40149008449980206,0.7298140803985692,6.0
677,0.4533855364732916,0.7574748214893098,6.0
678,0.5144031790147844,0.8060638814786538,6.0
679,0.4270102266425523,0.7572346709455672,6.0
680,0.5060192588989587,0.7656766886348412,6.0
681,0.47634633753844513,0.7662294503899568,6.0
682,0.5360308011909539,0.8176335465697806,6.0
683,0.4374359112255465,0.7525254661678692,6.0
684,0.4820718313976278,0.8078114120916561,6.0
685,0.5178949628500534,0.7592840539598937,6.0
686,0.5357742486808011,0.7931219842999901,6.0
687,0.49839155275792646,0.7920004669431661,6.0
688,0.46325804028964207,0.6909418709019248,6.0
689,0.4062749203550409,0.805702655193464,6.0
690,0.4784408944236332,0.7146219712936098,6.0
691,0.5307035867282035,0.752119844235909,6.0
692,0.52273519725237,0.8259633407072527,6.0
693,0.48860706993261044,0.7371273686989943,6.0
694,0.41682151251531924,0.7650931298749504,6.0
695,0.46344132526124715,0.8347972022969465,6.0
696,0.5039555594257215,0.7989531644778052,6.0
697,0.3920966065722276,0.8078226247360945,6.0
698,0.4374104490546549,0.7283457670078637,6.0
699,0.4835930666638949,0.7377498796589945,6.0
700,0.45650306767534565,0.7471565142719282,6.0
701,0.5389828510522335,0.7308424513236637,6.0
702,0.4340801750052947,0.7474379947222699,6.0
703,0.45417874681079407,0.79530848895607,6.0
704,0.507701233903636,0.7313540923574401,6.0
705,0.5087032712970565,0.8235763455458416,6.0
706,0.3931233733996218,0.7588257452647281,6.0
707,0.42974300355904893,0.8113902679926931,6.0
708,0.5206972368486723,0.7952106758235218,6.0
709,0.5468491218596524,0.8190456232113672,6.0
710,0.47043377792883884,0.7185639749525319,6.0
711,0.494943617161734,0.7953973364920289,6.0
712,0.4555809978673101,0.8171762732021797,6.0
713,0.5220107724637332,0.7091040403463085,6.0
714,0.47341675198348765,0.8680152596992768,6.0
715,0.5347260786426647,0.7799159824572642,6.0
716,0.5028818571421324,0.7485026463056365,6.0
717,0.3966531034826487,0.7706471114133172,6.0
718,0.4888020549410434,0.7320208893549172,6.0
719,0.4114524267162897,0.8002748393538215,6.0
720,0.5328067940024592,0.7294948920519865,6.0
721,0.494131346729339,0.7292223400049533,6.0
722,0.4330771823055552,0.7626029700449625,6.0
723,0.5298053415664118,0.7546477836868587,6.0
724,0.4850450854664852,0.7095772870669215,6.0
725,0.4960217585821869,0.7934813522614067,6.0
726,0.48875056215424006,0.8622957475112347,6.0
727,0.4580250003822343,0.8454896279727077,6.0
728,0.4031317601236387,0.7640653181111686,6.0
729,0.517494712312708,0.7664475076551349,6.0
730,0.49915522363410386,0.7227369184685759,6.0
731,0.4178012670299364,0.759561141340283,6.0
732,0.5402323469980059,0.796525994118523,6.0
733,0.4973619804438644,0.7536133109964797,6.0
734,0.519773429237188,0.7439352900670831,6.0
735,0.5401713323096681,0.7353857293089017,6.0
736,0.44141766091394763,0.7144923335148818,6.0
737,0.5422613593273168,0.8093994574665597,6.0
738,0.07197204316550856,0.7037454220153108,7.0
739,0.006100456070379734,0.5664089896414088,7.0
740,0.20782647052337028,0.7379651362250248,7.0
741,0.11869152969631498,0.7181006768131115,7.0
742,0.12974921847963206,0.6162657023165634,7.0
743,0.21591885364720778,0.7036326530833521,7.0
744,0.10808123406233434,0.5479220148634241,7.0
745,0.1738139536069736,0.5948257374333975,7.0
746,0.11700450762560448,0.6097300042124468,7.0
747,0.22347808541487102,0.6051297565054595,7.0
748,0.04894159001097895,0.7103768312245957,7.0
749,0.15069275781362526,0.6832705670411532,7.0
750,0.05335989092249084,0.6727262342360965,7.0
751,0.06946373455650703,0.6241856183398834,7.0
752,-0.014381965111675249,0.6673188083446845,7.0
753,0.06434371942731722,0.6507735614325623,7.0
754,0.18232822259187198,0.6320236666481457,7.0
755,0.06400195950044187,0.5469170557979126,7.0
756,0.16987238101466184,0.6229041208233325,7.0
757,0.06146578317431193,0.717638396554123,7.0
758,0.20657299466995213,0.7285089652903505,7.0
759,0.05093469439216046,0.6788362340190426,7.0
760,-0.005267689989653726,0.6209126632662131,7.0
761,0.08957943906034659,0.7150391244882988,7.0
762,0.028974552943496934,0.6265829497197818,7.0
763,0.17118570933449345,0.6054371884826244,7.0
764,0.17270025840858383,0.5651686231545776,7.0
765,0.19212103407795447,0.6864239815798788,7.0
766,0.07381879150130422,0.5579805055506696,7.0
767,0.042636395146089315,0.5918900964212124,7.0
768,0.1456071671350904,0.7413164235895657,7.0
769,0.08717801314844087,0.632834568122735,7.0
770,0.07039591214602518,0.7496342718049638,7.0
771,0.21550753056405209,0.7219778008179452,7.0
772,0.11845218320180097,0.535443280748216,7.0
773,0.1594055472449199,0.7507221710278391,7.0
774,0.11550885364484571,0.6067998662766743,7.0
775,0.025295649308994222,0.575574241861209,7.0
776,0.14115756224349477,0.5637047096214085,7.0
777,0.12973003916204762,0.7430846692869628,7.0
778,0.06572341925580608,0.6660665905623215,7.0
779,0.008960733765778536,0.6520720700375681,7.0
780,0.23054978606407117,0.6243647901979494,7.0
781,0.11769816420215057,0.7536939795944285,7.0
782,0.22756071272853798,0.6076463045175241,7.0
783,0.021745128176128045,0.6627362400895663,7.0
784,0.10153663772798649,0.6962057762161775,7.0
785,0.09531072795046674,0.5286675439351667,7.0
786,0.0837592671010033,0.7417947568717369,7.0
787,0.031560953720539284,0.7063184775403039,7.0
788,0.03351640967868956,0.6114101244419136,7.0
789,0.11632883773455098,0.7159867386601602,7.0
790,0.14854955076021836,0.7686072635746228,7.0
791,0.10567371034896787,0.7178965658504948,7.0
792,0.22868831502471065,0.6388900177405892,7.0
793,0.13992751834029027,0.6352067865164728,7.0
794,0.20687174052177495,0.6694761071477983,7.0
795,0.10074752942586541,0.6482827202118953,7.0
796,0.03767772554845465,0.5882752953038392,7.0
797,0.12496240936318201,0.5582748026646531,7.0
798,0.1323960136150451,0.5700783285886067,7.0
799,0.02018616385346783,0.5478400242811353,7.0
800,0.1788658163029298,0.6002699332683321,7.0
801,0.12610010556290646,0.6449595601034053,7.0
802,0.10825873077587332,0.5808573675813948,7.0
803,0.1267567721444935,0.7032751678529419,7.0
804,0.13168118874824644,0.5258818044631757,7.0
805,0.05391394988955603,0.6566623290594602,7.0
806,0.22497754910656964,0.575882768213139,7.0
807,0.17844876671892163,0.6313282805390736,7.0
808,0.21508148466082533,0.7391777072538506,7.0
809,0.05366884646620547,0.6185864736811453,7.0
810,-0.010421515855386088,0.6581360487023167,7.0
811,0.03895139154938848,0.7044378875291528,7.0
812,0.04539410359209045,0.7282908065627158,7.0
813,0.20286053118099878,0.6932176358934071,7.0
814,0.1869813220121154,0.687366250190328,7.0
815,0.04929284117373464,0.687094310771633,7.0
816,0.19388850806389452,0.5715964784680896,7.0
817,0.1332549805318933,0.6478516181358557,7.0
818,-0.0069736597900760255,0.642630673490737,7.0
819,0.016239735419683224,0.6237861095786797,7.0
820,0.20256974153337615,0.5873514381820828,7.0
821,0.18480469269557231,0.520990126214115,7.0
822,0.0758535246103877,0.6628621358159045,7.0
823,0.11622304852487796,0.6559470555578792,7.0
824,0.13093459361191045,0.654634999165656,7.0
825,0.07922330084058753,0.531192065228767,7.0
826,0.03518193203524797,0.6617190878471979,7.0
827,-0.013247664487084365,0.6265585883693162,7.0
828,0.03191655492430305,0.585197646808374,7.0
829,0.18485494390525686,0.7206199343810327,7.0
830,0.23561650629723968,0.6478016945435465,7.0
831,0.04894562654971847,0.631051389220472,7.0
832,0.07638908397031087,0.6587806305384173,7.0
833,0.02713790917329853,0.7139821565466996,7.0
834,0.09338830773382063,0.7511263558736886,7.0
835,0.23749387958407647,0.6790967191408154,7.0
836,0.19705980295548756,0.605221764760567,7.0
837,0.03011796200009928,0.6301659966209144,7.0
838,0.21776208949868037,0.7314542324603149,7.0
839,0.08851035944588838,0.7114880033435087,7.0
840,0.05488818935468895,0.6754083154854769,7.0
841,0.14908784965630706,0.7460115146826931,7.0
842,0.16989115288426898,0.6245689458377032,7.0
843,0.12687867623531124,0.8321293609708417,8.0
844,0.13116477569071702,0.8936072814335243,8.0
845,0.05594134325188474,0.9796107958550189,8.0
846,0.27841543064717533,0.9194283835764332,8.0
847,0.14791430605931508,0.8724933695915211,8.0
848,0.26108458134343826,0.8783271095356584,8.0
849,0.21896550297820344,1.0469646368633672,8.0
850,0.08295586653946184,0.8638662175344174,8.0
851,0.1275238770752281,0.8068308702815357,8.0
852,0.04601005171405573,0.9985999566044871,8.0
853,0.07079043747232897,0.8455403459303592,8.0
854,0.12925745700166447,0.9876861125161913,8.0
855,0.1903281225600456,0.829195198002445,8.0
856,0.2698536111471793,0.9354722364261043,8.0
857,0.14957147990801875,0.9317905496100191,8.0
858,0.10513907649380311,1.0820475446251816,8.0
859,0.15559207120580795,1.0527725841279654,8.0
860,0.2665117938643319,0.9768851286198712,8.0
861,0.11093534685353934,1.0301807378362258,8.0
862,0.07708965274132244,0.9270577613155594,8.0
863,0.10734677862895506,0.9955400427373317,8.0
864,0.11271932886396367,0.9673496994017935,8.0
865,0.16274562603043782,1.0539144149071236,8.0
866,0.18277682803852754,0.935702530206667,8.0
867,0.2601903012720035,0.8974815998103398,8.0
868,0.13354130044096968,1.0153198013220912,8.0
869,0.18743321139240632,0.923358827318436,8.0
870,0.2071234424161797,1.0644766075791894,8.0
871,0.03199162395463069,0.8927192279720501,8.0
872,0.09526824246908866,0.9220847882605593,8.0
873,0.23937230959047934,0.8445049370140263,8.0
874,0.233695204434545,0.9942502712794107,8.0
875,0.2431881982180264,0.8776860613467696,8.0
876,0.2427245093758908,0.9360182197088034,8.0
877,0.2556639526343104,0.9944867555058939,8.0
878,0.03085110153028124,1.0062458894397353,8.0
879,0.27267343456327797,0.9078885808719214,8.0
880,0.0522589936548401,0.9286039459366456,8.0
881,0.046505953436363864,0.9969416954749619,8.0
882,0.22101397669682643,0.8498704179281055,8.0
883,0.1907353932692354,0.9576601372495666,8.0
884,0.019717335437499303,1.018583278996178,8.0
885,0.07931820137846905,0.9697722837581582,8.0
886,0.10978961538644566,0.8980810194276263,8.0
887,0.28406099626932413,0.9676925044090307,8.0
888,0.2330657720503697,0.8645018291299388,8.0
889,0.1806458464078077,0.9264857562200072,8.0
890,0.16443480262718912,0.9628684213613214,8.0
891,0.12586276236364607,0.9692512244624792,8.0
892,0.12744107475609862,1.0748366535669294,8.0
893,0.10927762613280434,0.8439911475169636,8.0
894,0.22139869715969196,1.0357977418298767,8.0
895,0.21871145895618535,0.8313755986721303,8.0
896,0.027909187377773675,0.9507917504558911,8.0
897,0.14167583698472958,0.9928316379872478,8.0
898,0.0018890598887541799,0.9555802614218427,8.0
899,0.07048138026770799,0.8522763692906011,8.0
900,0.27159102599212104,1.0148327853569612,8.0
901,0.1038443089374503,0.9613983803193354,8.0
902,0.14501241305707602,0.8720421585474624,8.0
903,0.06946072857013479,0.9481207681878427,8.0
904,0.16058074125251645,1.078597560033244,8.0
905,0.2613624396746782,0.9632964136998681,8.0
906,0.25060572486709576,0.8816404783643833,8.0
907,0.22867131046131228,1.022140514850368,8.0
908,0.09779610100436603,0.9175369073639515,8.0
909,0.13057526089569915,0.956939507234441,8.0
910,0.22508631854777628,0.9685496156909302,8.0
911,0.04099132691572653,0.970082008439855,8.0
912,0.0760480450846677,0.9480086109037882,8.0
913,0.09331981752994187,1.0812165600790007,8.0
914,0.2119687502095853,0.9155574897841706,8.0
915,0.11815735918247253,0.8310942701341166,8.0
916,0.1972875135993287,1.0209876159276097,8.0
917,0.013461616057071746,1.001886470338055,8.0
918,0.05921790608542572,1.0516933570797047,8.0
919,0.06109282540698879,0.855142917992677,8.0
920,0.011322684765775831,0.9183589932995894,8.0
921,0.2494678352047785,0.9459438033724141,8.0
922,0.08286694637756903,0.8618718485734911,8.0
923,0.1085409330564213,0.9646989108487822,8.0
924,0.039635262669538,0.9978168622477096,8.0
925,0.17128465043053753,0.894003765822869,8.0
926,0.07204465142363774,0.9821296271517972,8.0
927,0.0769947757441003,0.901048389614301,8.0
928,0.09196471987982206,0.9411069587374293,8.0
929,0.062262736431312624,1.0151189842778603,8.0
930,0.1964315747954406,1.0435929656395104,8.0
931,0.22909615806208194,1.021770560059986,8.0
932,0.1764965196138626,0.9815861810490311,8.0
933,0.14315706423157212,0.8819555848528423,8.0
934,0.26025265150927435,0.994943282699196,8.0
935,0.02967320979246224,0.8897874354227476,8.0
936,0.11857343484426022,0.8650110706753551,8.0
937,0.018802004044953233,1.0184603432446933,8.0
938,0.010078346223165474,0.9332392736634747,8.0
939,0.12294920554684573,0.8059134556183842,8.0
940,0.007143282713338972,0.9411997274387786,8.0
941,0.1750681702459614,0.941189647472722,8.0
942,0.015471470962835576,0.9673311556971851,8.0
943,0.17655868089777196,1.0618429863096885,8.0
944,0.11398187819050944,1.0051633296662197,8.0
945,0.24691381504067444,1.0266529353926712,8.0
946,0.018706394444413313,0.9976239052408246,8.0
947,0.1344626261276227,0.8991306407938386,8.0
948,0.21093192190948554,1.0137584867711467,8.0
949,0.48724360972321196,0.463307267639493,9.0
950,0.5307282222425228,0.4907048765394973,9.0
951,0.5808142767473357,0.411652450974787,9.0
952,0.5918553181484354,0.432803622438898,9.0
953,0.5463507304854377,0.40535508290620004,9.0
954,0.5066731274508429,0.4196515362899603,9.0
955,0.5184165457808128,0.45114969985962844,9.0
956,0.47126558962807985,0.4088068767372321,9.0
957,0.5478921981588187,0.3413836077173339,9.0
958,0.5330950228801071,0.4297167421327782,9.0
959,0.5596310513891373,0.3504328049380555,9.0
960,0.4512333669140425,0.4009640619740184,9.0
961,0.5039448743233914,0.33315752982532254,9.0
962,0.5773349025550154,0.41979052768714065,9.0
963,0.5506384880874201,0.36925741393006595,9.0
964,0.5359969018763245,0.37431840180370257,9.0
965,0.4493145684291253,0.3927854979862253,9.0
966,0.47100115411622484,0.35292620890782167,9.0
967,0.5214913102982695,0.43967281757754034,9.0
968,0.5685467462520871,0.38883772047414966,9.0
969,0.5210295617201756,0.44927625314089714,9.0
970,0.48141516060374834,0.39061152373786623,9.0
971,0.5370530442877713,0.3521139885025787,9.0
972,0.5014319279639264,0.46103924280414427,9.0
973,0.4573096143964193,0.42580046234630703,9.0
974,0.5073431207047712,0.39645421149223165,9.0
975,0.4461466879005821,0.3740172363117259,9.0
976,0.5356367002025753,0.3389038997515996,9.0
977,0.5867113272555895,0.3747906971040798,9.0
978,0.5703219544449782,0.3731474488031397,9.0
979,0.5657335321541822,0.3745170271329987,9.0
980,0.5075955776119676,0.3301433965578901,9.0
981,0.4926821984550083,0.41667514308521963,9.0
982,0.4746014196973298,0.48118478905777556,9.0
983,0.48455508125137076,0.48949486655080077,9.0
984,0.4860059025403445,0.43937941833948074,9.0
985,0.5792410843111374,0.398478828446713,9.0
986,0.5787580534551531,0.34787437514273434,9.0
987,0.5835079503176375,0.41445645282648635,9.0
988,0.5592228650726951,0.44354033630192424,9.0
989,0.46941458816019005,0.48177300808297935,9.0
990,0.5767837998824217,0.42985124196296925,9.0
991,0.5546195594416281,0.49181404238036797,9.0
992,0.5396739859073026,0.4806400262900075,9.0
993,0.5167936935815113,0.46132573349557315,9.0
994,0.5035821410398421,0.42407634642988035,9.0
995,0.5275520741300422,0.42237395913825937,9.0
996,0.5010797068658484,0.4698859977962868,9.0
997,0.5001806751250765,0.493230455874498,9.0
998,0.46403555390107487,0.46608170232206725,9.0
999,0.5499283054374446,0.35011313176505987,9.0
1000,0.5660584821023642,0.4610805670195721,9.0
1001,0.45185862742555366,0.37942324623749313,9.0
1002,0.5771141164841029,0.36213421655253714,9.0
1003,0.5621872827159293,0.35390741862112685,9.0
1004,0.4545338298772561,0.45837671905210975,9.0
1005,0.4382212682055222,0.398649465197939,9.0
1006,0.5572425110451408,0.4190521161574075,9.0
1007,0.5089374798693991,0.4889271300611922,9.0
1008,0.5178365619734709,0.3870786331992569,9.0
1009,0.4659316267809215,0.38336749605473697,9.0
1010,0.5038457942706646,0.44887777143007973,9.0
1011,0.4796121765470939,0.36679625857249026,9.0
1012,0.6066018813358628,0.43791755982604186,9.0
1013,0.46603633445911224,0.36381349254177836,9.0
1014,0.503632137065791,0.45008445605362524,9.0
1015,0.5787106450064392,0.48123270214711766,9.0
1016,0.48364284528743745,0.4478357344571133,9.0
1017,0.5354344417662797,0.40178394860795197,9.0
1018,0.5618116219100036,0.45921854957573693,9.0
1019,0.48456379369148733,0.4525890982440045,9.0
1020,0.46882649622167716,0.4850354738255074,9.0
1021,0.5240304346603797,0.46677877056284844,9.0
1022,0.4833503512312409,0.4390201407975053,9.0
1023,0.5927013934617068,0.3801863331179206,9.0
1024,0.5577885355099447,0.4678142896840694,9.0
1025,0.551380110259303,0.40483293684940796,9.0
1026,0.5712637514220257,0.4323236143256837,9.0
1027,0.4851950951442748,0.45794415361666774,9.0
1028,0.4760152328337985,0.40046198322345916,9.0
1029,0.521910208626219,0.4866394173094298,9.0
1030,0.5138074619258508,0.35720354404716537,9.0
1031,0.5129396202540704,0.40713544903270715,9.0
1032,0.49662810600949353,0.3426785166335115,9.0
1033,0.4983007562703855,0.46155847262147115,9.0
1034,0.44436734933533834,0.45191211371973716,9.0
1035,0.47196183278249654,0.43860700152909515,9.0
1036,0.4806434575528305,0.4472567608082604,9.0
1037,0.43536686188944484,0.4313644976920427,9.0
1038,0.4840633854999662,0.3545348870779122,9.0
1039,0.5211134331066487,0.3722530963402848,9.0
1040,0.510728534859903,0.3458801405059805,9.0
1041,0.5287948557301303,0.4475482661009246,9.0
1042,0.501155131503255,0.4104003894362549,9.0
1043,0.575700350707937,0.3990569201045012,9.0
1044,0.45300401479224534,0.4193451739499883,9.0
1045,0.5646005465632522,0.37137288843616356,9.0
1046,0.5394894461772185,0.41724821223477737,9.0
1047,0.5507311429322346,0.4485072788798519,9.0
1048,0.5278696861919576,0.40253704680447977,9.0
1049,0.4485029082911617,0.41470802036061044,9.0
1050,0.5604361074968545,0.35830228345752596,9.0
1051,0.5058219987973039,0.40809071704262107,9.0
1052,0.5646722119162029,0.3399878957962002,9.0
1053,0.45545559710013467,0.4609502898470725,9.0
1054,0.5060315936408856,0.4268426387580648,9.0
1055,0.5298360962696362,0.3334262632566087,9.0
1056,0.49504669304557875,0.41033260959733947,9.0
1057,0.7242375119096612,0.8022416664468704,-1.0
1058,0.9409608832257736,0.6802211873954392,-1.0
1059,0.8562572137439048,0.886266601787586,-1.0
1060,0.5717172268966529,0.42168831159055,-1.0
1061,0.6496818797940331,0.9063565014109931,-1.0
1062,1.2330524671120378,0.04952476152982389,-1.0
1063,0.9864286557925077,0.3461806178064087,-1.0
1064,0.12594908419956863,0.36808735333707887,-1.0
1065,0.3370604966681314,0.33820595940154197,-1.0
1066,0.09232683506492789,1.0321130096731135,-1.0
1067,0.07126517039616594,0.2671700772391393,-1.0
1068,0.6677102154124471,0.3455055358754221,-1.0
1069,0.1401972042635719,1.009295007025705,-1.0
1070,0.12961822479741653,0.16385740992902148,-1.0
1071,1.2629821519608726,0.6100891841083579,-1.0
1072,1.2511302899761865,0.6308500988824182,-1.0
1073,0.18534208251582635,0.9754580040175032,-1.0
1074,0.29997213782438514,0.8142844844546857,-1.0
1075,1.199118569525555,1.1420554429350074,-1.0
1076,1.0996938684689368,0.47386990524295963,-1.0
1077,1.2455749071499442,0.9110314943474386,-1.0
1078,0.43531985349364877,0.1586612118772085,-1.0
1079,0.3436857087845839,0.4981895653313776,-1.0
1080,0.7206124273317148,0.859704237424289,-1.0
1081,1.0109837610421526,0.7073330368268328,-1.0
1082,1.1718359614698188,1.081310740035804,-1.0
1083,0.5510893859205419,0.8896363938260398,-1.0
1084,1.1736474578682443,0.8581261489184586,-1.0
1085,0.03681575811952769,1.170391664971878,-1.0
1086,0.2508469736421107,0.24201207774734626,-1.0
1087,0.12519640063744106,0.3906950518180495,-1.0
1088,0.39200878298331787,0.08874853798383216,-1.0
1089,0.043551934824767,0.5686887752190115,-1.0
1090,1.214112797595759,0.38146605753437113,-1.0
1091,0.38008733594573013,0.3460784727600136,-1.0
1092,0.8536204257100869,0.4803370629859389,-1.0
1093,0.30020018693165945,0.8716202526680541,-1.0
1094,1.1581805511567322,1.0329820829658516,-1.0
1095,1.2609994148047678,0.5899431121317844,-1.0
1096,0.8824529984523977,0.691121097214118,-1.0
1097,0.09108255566829745,0.8205849090794993,-1.0
1098,0.3126901388057306,0.7541581847105518,-1.0
1099,0.4488035072365837,0.6236364996311472,-1.0
1100,1.0341741665853204,0.19184107654513058,-1.0
1101,1.199352962556677,0.5293329317603679,-1.0
1102,0.7113724929620157,0.7015211708834455,-1.0
1103,0.6746808180174925,0.03553290984390105,-1.0
1104,0.8578475460216322,0.3975266230659873,-1.0
1105,0.4763953906182764,0.5471098633913559,-1.0
1106,1.1121669512766044,0.9418361714459592,-1.0
1107,0.7129391412968928,1.0250029111771424,-1.0
1108,1.1000388528043743,0.40889217883179413,-1.0
